"algo","run","tjurR2"
"ensemble","RUN1",0.698823076134814
"ensemble","RUN2",0.693600630733945
"ensemble","RUN3",0.695815508594009
