"algo","run","tjurR2"
"ensemble","RUN1",0.753696309783928
"ensemble","RUN2",0.753356550942786
"ensemble","RUN3",0.761855128672008
