"algo","run","tjurR2"
"ensemble","RUN1",0.664060756714069
"ensemble","RUN2",0.667590728787959
"ensemble","RUN3",0.671320380931339
