"algo","run","tjurR2"
"ensemble","RUN1",0.446761694400975
"ensemble","RUN2",0.447782468652069
"ensemble","RUN3",0.441629697411332
